name,iso2,iso3,region,subregion,capital,area_km2,population,borders_iso3,borders_count,landlocked_raw,driving_side_raw,flag_png,flag_svg,official_languages_rc,timezones_count,landlocked_01,drives_left,has_coast,is_island_heuristic,has_more_than_1_time_zone,gdp_pc_usd_year,gdp_pc_usd,homicides_year,homicides_per_100k,nuclear_elec_share_year,nuclear_elec_share_pct,produces_nuclear_power,gdp_pc_rank,top20_gdp_pc
Afghanistan,AF,AFG,Asia,Southern Asia,Kabul,652230.0,43844000,"IRN,PAK,TKM,UZB,TJK,CHN",6,True,right,https://upload.wikimedia.org/wikipedia/commons/thumb/5/5c/Flag_of_the_Taliban.svg/320px-Flag_of_the_Taliban.svg.png,https://upload.wikimedia.org/wikipedia/commons/5/5c/Flag_of_the_Taliban.svg,Dari|Pashto|Turkmen,1,1,0,0,0,0,2023,413.757894705303,2021,4.0324584656778,2021,0.0,0,211.0,0
Albania,AL,ALB,Europe,Southeast Europe,Tirana,28748.0,2363314,"MNE,GRC,MKD,UNK",4,False,right,https://flagcdn.com/w320/al.png,https://flagcdn.com/al.svg,Albanian,1,0,0,1,0,0,2024,11377.7757431099,2023,1.38708340817063,2021,0.0,0,97.0,0
Algeria,DZ,DZA,Africa,Northern Africa,Algiers,2381741.0,47400000,"TUN,LBY,NER,ESH,MRT,MLI,MAR",7,False,right,https://flagcdn.com/w320/dz.png,https://flagcdn.com/dz.svg,Arabic,1,0,0,1,0,0,2024,5752.99076651465,2023,1.16107238811947,2021,0.0,0,129.0,0
American Samoa,AS,ASM,Oceania,Polynesia,Pago Pago,199.0,49710,,0,False,right,https://flagcdn.com/w320/as.png,https://flagcdn.com/as.svg,English|Samoan,1,0,0,1,1,0,2022,18017.4589383973,2018,25.5360106858383,2021,0.0,0,77.0,0
Andorra,AD,AND,Europe,Southern Europe,Andorra la Vella,468.0,88406,"FRA,ESP",2,True,right,https://flagcdn.com/w320/ad.png,https://flagcdn.com/ad.svg,Catalan,1,1,0,0,0,0,2024,49303.6491674336,2020,2.58464719565779,2021,0.0,0,31.0,0
Angola,AO,AGO,Africa,Middle Africa,Luanda,1246700.0,36170961,"COG,COD,ZMB,NAM",4,False,right,https://flagcdn.com/w320/ao.png,https://flagcdn.com/ao.svg,Portuguese,1,0,0,1,0,0,2024,2665.87444776753,2016,4.09826656345614,2021,0.0,0,160.0,0
Anguilla,AI,AIA,Americas,Caribbean,The Valley,91.0,16010,,0,False,left,https://flagcdn.com/w320/ai.png,https://flagcdn.com/ai.svg,English,1,0,1,1,1,0,,,,,,,,,0
Antarctica,AQ,ATA,Antarctic,,,14000000.0,1300,,0,False,right,https://flagcdn.com/w320/aq.png,https://flagcdn.com/aq.svg,,8,0,0,1,1,1,,,,,,,,,0
Antigua and Barbuda,AG,ATG,Americas,Caribbean,Saint John's,442.0,103603,,0,False,left,https://flagcdn.com/w320/ag.png,https://flagcdn.com/ag.svg,English,1,0,1,1,1,0,2024,23542.4526945578,2023,10.7163332993983,2021,0.0,0,66.0,0
Argentina,AR,ARG,Americas,South America,Buenos Aires,2780400.0,46735004,"BOL,BRA,CHL,PRY,URY",5,False,right,https://flagcdn.com/w320/ar.png,https://flagcdn.com/ar.svg,Guaraní|Spanish,1,0,0,1,0,0,2024,13969.7836603737,2023,4.49291137824536,2023,6.45096165493479,1,87.0,0
Armenia,AM,ARM,Asia,Western Asia,Yerevan,29743.0,3076200,"AZE,GEO,IRN,TUR",4,True,right,https://flagcdn.com/w320/am.png,https://flagcdn.com/am.svg,Armenian,1,1,0,0,0,0,2024,8556.21406956719,2023,2.20833575400906,2022,30.968443960827,1,105.0,0
Aruba,AW,ABW,Americas,Caribbean,Oranjestad,180.0,107566,,0,False,right,https://flagcdn.com/w320/aw.png,https://flagcdn.com/aw.svg,Dutch|Papiamento,1,0,0,1,1,0,2024,39498.5941293797,2014,1.93475053810249,2021,0.0,0,39.0,0
Australia,AU,AUS,Oceania,Australia and New Zealand,Canberra,7692024.0,27536874,,0,False,left,https://flagcdn.com/w320/au.png,https://flagcdn.com/au.svg,English,8,0,1,1,1,1,2024,64603.9856308464,2023,0.854406035826682,2021,0.0,0,18.0,1
Austria,AT,AUT,Europe,Central Europe,Vienna,83871.0,9200931,"CZE,DEU,HUN,ITA,LIE,SVK,SVN,CHE",8,True,right,https://flagcdn.com/w320/at.png,https://flagcdn.com/at.svg,German,1,1,0,0,0,0,2024,58268.8787651601,2023,0.876191031111463,2021,0.0,0,21.0,0
Azerbaijan,AZ,AZE,Asia,Western Asia,Baku,86600.0,10241722,"ARM,GEO,IRN,RUS,TUR",5,True,right,https://flagcdn.com/w320/az.png,https://flagcdn.com/az.svg,Azerbaijani,1,1,0,0,0,0,2024,7283.8499076179,2023,2.16122820563689,2021,0.0,0,116.0,0
Bahamas,BS,BHS,Americas,Caribbean,Nassau,13943.0,398165,,0,False,left,https://flagcdn.com/w320/bs.png,https://flagcdn.com/bs.svg,English,1,0,1,1,1,0,2024,39455.4466548546,2022,32.1981392997156,2021,0.0,0,40.0,0
Bahrain,BH,BHR,Asia,Western Asia,Manama,765.0,1594654,,0,False,right,https://flagcdn.com/w320/bh.png,https://flagcdn.com/bh.svg,Arabic,1,0,0,1,1,0,2024,29653.5682731534,2022,0.195636140255462,2021,0.0,0,54.0,0
Bangladesh,BD,BGD,Asia,Southern Asia,Dhaka,147570.0,169828911,"MMR,IND",2,False,left,https://flagcdn.com/w320/bd.png,https://flagcdn.com/bd.svg,Bengali,1,0,1,1,0,0,2024,2593.41611680774,2018,2.34217668208578,2021,0.0,0,162.0,0
Barbados,BB,BRB,Americas,Caribbean,Bridgetown,430.0,267800,,0,False,left,https://flagcdn.com/w320/bb.png,https://flagcdn.com/bb.svg,English,1,0,1,1,1,0,2024,26544.8707282621,2023,7.43794627677661,2021,0.0,0,58.0,0
Belarus,BY,BLR,Europe,Eastern Europe,Minsk,207600.0,9109280,"LVA,LTU,POL,RUS,UKR",5,True,right,https://flagcdn.com/w320/by.png,https://flagcdn.com/by.svg,Belarusian|Russian,1,1,0,0,0,0,2024,8317.63399913792,2019,2.38463165310244,2022,17.3299492385787,1,107.0,0
Belgium,BE,BEL,Europe,Western Europe,Brussels,30528.0,11825551,"FRA,DEU,LUX,NLD",4,False,right,https://flagcdn.com/w320/be.png,https://flagcdn.com/be.svg,Dutch|French|German,1,0,0,1,0,0,2024,56614.5679499036,2021,1.08030153549307,2023,39.3538825610441,1,23.0,0
Belize,BZ,BLZ,Americas,Central America,Belmopan,22966.0,417634,"GTM,MEX",2,False,right,https://flagcdn.com/w320/bz.png,https://flagcdn.com/bz.svg,Belizean Creole|English|Spanish,1,0,0,1,0,0,2024,7681.24400583113,2022,28.0582917218107,2021,0.0,0,113.0,0
Benin,BJ,BEN,Africa,Western Africa,Porto-Novo,112622.0,13224860,"BFA,NER,NGA,TGO",4,False,right,https://flagcdn.com/w320/bj.png,https://flagcdn.com/bj.svg,French,1,0,0,1,0,0,2024,1485.38018885134,2017,1.1274974068,2021,0.0,0,178.0,0
Bermuda,BM,BMU,Americas,North America,Hamilton,54.0,64055,,0,False,left,https://flagcdn.com/w320/bm.png,https://flagcdn.com/bm.svg,English,1,0,1,1,1,0,2024,142855.374713782,2023,6.18257133141674,,,,3.0,1
Bhutan,BT,BTN,Asia,Southern Asia,Thimphu,38394.0,784043,"CHN,IND",2,True,left,https://flagcdn.com/w320/bt.png,https://flagcdn.com/bt.svg,Dzongkha,1,1,1,0,0,0,2023,3831.32535494609,2020,2.46751324015657,2021,0.0,0,148.0,0
Bolivia,BO,BOL,Americas,South America,Sucre,1098581.0,11365333,"ARG,BRA,CHL,PRY,PER",5,True,right,https://flagcdn.com/w320/bo.png,https://flagcdn.com/bo.svg,Aymara|Guaraní|Quechua|Spanish,1,1,0,0,0,0,2024,4421.16609889999,2023,4.41843313132273,2021,0.0,0,140.0,0
Bosnia and Herzegovina,BA,BIH,Europe,Southeast Europe,Sarajevo,51209.0,3422000,"HRV,MNE,SRB",3,False,right,https://flagcdn.com/w320/ba.png,https://flagcdn.com/ba.svg,Bosnian|Croatian|Serbian,1,0,0,1,0,0,2024,9358.78768951134,2023,1.22446173133237,2021,0.0,0,102.0,0
Botswana,BW,BWA,Africa,Southern Africa,Gaborone,582000.0,2359609,"NAM,ZAF,ZMB,ZWE",4,True,left,https://flagcdn.com/w320/bw.png,https://flagcdn.com/bw.svg,English|Tswana,1,1,1,0,0,0,2024,7695.75319445165,2021,11.3681767255945,2021,0.0,0,112.0,0
Bouvet Island,BV,BVT,Antarctic,,,49.0,0,,0,False,right,https://flagcdn.com/w320/bv.png,https://flagcdn.com/bv.svg,Norwegian,1,0,0,1,1,0,,,,,,,,,0
Brazil,BR,BRA,Americas,South America,Brasília,8515767.0,213421037,"ARG,BOL,COL,GUF,GUY,PRY,PER,SUR,URY,VEN",10,False,right,https://flagcdn.com/w320/br.png,https://flagcdn.com/br.svg,Portuguese,4,0,0,1,0,1,2024,10310.5488778166,2023,19.2752957673079,2023,2.04961588250923,1,100.0,0
British Indian Ocean Territory,IO,IOT,Africa,Eastern Africa,Diego Garcia,60.0,0,,0,False,right,https://flagcdn.com/w320/io.png,https://flagcdn.com/io.svg,English,1,0,0,1,1,0,,,,,,,,,0
British Virgin Islands,VG,VGB,Americas,Caribbean,Road Town,151.0,39471,,0,False,left,https://flagcdn.com/w320/vg.png,https://flagcdn.com/vg.svg,English,1,0,1,1,1,0,,,2006,8.16559833421794,2021,0.0,0,,0
Brunei,BN,BRN,Asia,South-Eastern Asia,Bandar Seri Begawan,5765.0,455500,MYS,1,False,left,https://flagcdn.com/w320/bn.png,https://flagcdn.com/bn.svg,Malay,1,0,1,1,0,0,2024,33153.4738913513,2013,0.486378957300791,2021,0.0,0,48.0,0
Bulgaria,BG,BGR,Europe,Southeast Europe,Sofia,110879.0,6437360,"GRC,MKD,ROU,SRB,TUR",5,False,right,https://flagcdn.com/w320/bg.png,https://flagcdn.com/bg.svg,Bulgarian,1,0,0,1,0,0,2024,17596.0173663521,2023,1.08890737415431,2023,40.1515339709353,1,79.0,0
Burkina Faso,BF,BFA,Africa,Western Africa,Ouagadougou,272967.0,24070553,"BEN,CIV,GHA,MLI,NER,TGO",6,True,right,https://flagcdn.com/w320/bf.png,https://flagcdn.com/bf.svg,French,1,1,0,0,0,0,2024,981.992649769081,2017,1.25044051977478,2021,0.0,0,196.0,0
Burundi,BI,BDI,Africa,Eastern Africa,Gitega,27834.0,12332788,"COD,RWA,TZA",3,True,right,https://flagcdn.com/w320/bi.png,https://flagcdn.com/bi.svg,French|Kirundi,1,1,0,0,0,0,2024,219.424830882698,2016,5.64974214487878,2021,0.0,0,212.0,0
Cambodia,KH,KHM,Asia,South-Eastern Asia,Phnom Penh,181035.0,17577760,"LAO,THA,VNM",3,False,right,https://flagcdn.com/w320/kh.png,https://flagcdn.com/kh.svg,Khmer,1,0,0,1,0,0,2024,2627.87969756224,2011,1.82033262639221,2021,0.0,0,161.0,0
Cameroon,CM,CMR,Africa,Middle Africa,Yaoundé,475442.0,29442327,"CAF,TCD,COG,GNQ,GAB,NGA",6,False,right,https://flagcdn.com/w320/cm.png,https://flagcdn.com/cm.svg,English|French,1,0,0,1,0,0,2024,1830.00833684727,2022,6.76008919336955,2021,0.0,0,174.0,0
Canada,CA,CAN,Americas,North America,Ottawa,9984670.0,41651653,USA,1,False,right,https://flagcdn.com/w320/ca.png,https://flagcdn.com/ca.svg,English|French,6,0,0,1,0,1,2024,54340.3477224733,2023,1.97968887560784,2023,14.0674121092824,1,25.0,0
Cape Verde,CV,CPV,Africa,Western Africa,Praia,4033.0,491233,,0,False,right,https://flagcdn.com/w320/cv.png,https://flagcdn.com/cv.svg,Portuguese,1,0,0,1,1,0,2024,5192.48157325878,2020,6.99464423976475,2021,0.0,0,134.0,0
Caribbean Netherlands,BQ,BES,Americas,Caribbean,Kralendijk,328.0,31980,,0,False,right,https://flagcdn.com/w320/bq.png,https://flagcdn.com/bq.svg,Dutch|English|Papiamento,1,0,0,1,1,0,,,,,,,,,0
Cayman Islands,KY,CYM,Americas,Caribbean,George Town,264.0,84738,,0,False,left,https://flagcdn.com/w320/ky.png,https://flagcdn.com/ky.svg,English,1,0,1,1,1,0,2023,99143.5180243123,2020,4.3677976836113,2021,0.0,0,7.0,1
Central African Republic,CF,CAF,Africa,Middle Africa,Bangui,622984.0,6470307,"CMR,TCD,COD,COG,SSD,SDN",6,True,right,https://flagcdn.com/w320/cf.png,https://flagcdn.com/cf.svg,French|Sango,1,1,0,0,0,0,2024,516.160999996036,2016,20.120400654,2021,0.0,0,210.0,0
Chad,TD,TCD,Africa,Middle Africa,N'Djamena,1284000.0,19340757,"CMR,CAF,LBY,NER,NGA,SDN",6,True,right,https://flagcdn.com/w320/td.png,https://flagcdn.com/td.svg,Arabic|French,1,1,0,0,0,0,2024,961.55975562506,,,2021,0.0,0,198.0,0
Chile,CL,CHL,Americas,South America,Santiago,756102.0,20206953,"ARG,BOL,PER",3,False,right,https://flagcdn.com/w320/cl.png,https://flagcdn.com/cl.svg,Spanish,2,0,0,1,0,1,2024,16709.8893972307,2023,6.34829073035101,2021,0.0,0,80.0,0
China,CN,CHN,Asia,Eastern Asia,Beijing,9706961.0,1408280000,"AFG,BTN,MMR,HKG,IND,KAZ,NPL,PRK,KGZ,LAO,MAC,MNG,PAK,RUS,TJK,VNM",16,False,right,https://flagcdn.com/w320/cn.png,https://flagcdn.com/cn.svg,Chinese,1,0,0,1,0,0,2024,13303.1481543868,2020,0.5018560705357,2023,4.55321475479548,1,91.0,0
Christmas Island,CX,CXR,Oceania,Australia and New Zealand,Flying Fish Cove,135.0,1692,,0,False,left,https://flagcdn.com/w320/cx.png,https://flagcdn.com/cx.svg,English,1,0,1,1,1,0,,,,,,,,,0
Cocos (Keeling) Islands,CC,CCK,Oceania,Australia and New Zealand,West Island,14.0,593,,0,False,left,https://flagcdn.com/w320/cc.png,https://flagcdn.com/cc.svg,English,1,0,1,1,1,0,,,,,,,,,0
Colombia,CO,COL,Americas,South America,Bogotá,1141748.0,53057212,"BRA,ECU,PAN,PER,VEN",5,False,right,https://flagcdn.com/w320/co.png,https://flagcdn.com/co.svg,Spanish,1,0,0,1,0,0,2024,7919.20886825345,2023,24.9134420347488,2021,0.0,0,109.0,0
Comoros,KM,COM,Africa,Eastern Africa,Moroni,1862.0,919901,,0,False,right,https://flagcdn.com/w320/km.png,https://flagcdn.com/km.svg,Arabic|Comorian|French,1,0,0,1,1,0,2024,1662.75663312504,,,2021,0.0,0,177.0,0
Cook Islands,CK,COK,Oceania,Polynesia,Avarua,236.0,15040,,0,False,left,https://flagcdn.com/w320/ck.png,https://flagcdn.com/ck.svg,Cook Islands Māori|English,1,0,1,1,1,0,,,,,,,,,0
Costa Rica,CR,CRI,Americas,Central America,San José,51100.0,5309625,"NIC,PAN",2,False,right,https://flagcdn.com/w320/cr.png,https://flagcdn.com/cr.svg,Spanish,1,0,0,1,0,0,2024,18587.1532203482,2023,17.7454798727379,2021,0.0,0,76.0,0
Croatia,HR,HRV,Europe,Southeast Europe,Zagreb,56594.0,3866233,"BIH,HUN,MNE,SRB,SVN",5,False,right,https://flagcdn.com/w320/hr.png,https://flagcdn.com/hr.svg,Croatian,1,0,0,1,0,0,2024,24050.4397933135,2023,0.667347104040825,2021,0.0,0,62.0,0
Cuba,CU,CUB,Americas,Caribbean,Havana,109884.0,9748007,,0,False,right,https://flagcdn.com/w320/cu.png,https://flagcdn.com/cu.svg,Spanish,1,0,0,1,1,0,2020,9605.27914559614,2019,4.46315139638841,2021,0.0,0,101.0,0
Curaçao,CW,CUW,Americas,Caribbean,Willemstad,444.0,156115,,0,False,right,https://flagcdn.com/w320/cw.png,https://flagcdn.com/cw.svg,Dutch|English|Papiamento,1,0,0,1,1,0,2024,22832.8953958667,2007,16.9198131011414,2021,0.0,0,69.0,0
Cyprus,CY,CYP,Europe,Southern Europe,Nicosia,9251.0,1442614,,0,False,left,https://flagcdn.com/w320/cy.png,https://flagcdn.com/cy.svg,Greek|Turkish,1,0,1,1,1,0,2024,38674.29296875,2023,0.81785876397005,2021,0.0,0,42.0,0
Czechia,CZ,CZE,Europe,Central Europe,Prague,78865.0,10882341,"AUT,DEU,POL,SVK",4,True,right,https://flagcdn.com/w320/cz.png,https://flagcdn.com/cz.svg,Czech|Slovak,1,1,0,0,0,0,2024,31823.3078290564,2023,0.767827757917044,2023,39.4914549893512,1,51.0,0
DR Congo,CD,COD,Africa,Middle Africa,Kinshasa,2344858.0,112832000,"AGO,BDI,CAF,COG,RWA,SSD,TZA,UGA,ZMB",9,False,right,https://flagcdn.com/w320/cd.png,https://flagcdn.com/cd.svg,French|Kikongo|Lingala|Swahili|Tshiluba,2,0,0,1,0,1,2024,649.383338556725,,,2021,0.0,0,205.0,0
Denmark,DK,DNK,Europe,Northern Europe,Copenhagen,43094.0,6011488,DEU,1,False,right,https://flagcdn.com/w320/dk.png,https://flagcdn.com/dk.svg,Danish,5,0,0,1,0,1,2024,71026.4832271897,2023,0.840599404536194,2021,0.0,0,16.0,1
Djibouti,DJ,DJI,Africa,Eastern Africa,Djibouti,23200.0,1066809,"ERI,ETH,SOM",3,False,right,https://flagcdn.com/w320/dj.png,https://flagcdn.com/dj.svg,Arabic|French,1,0,0,1,0,0,2024,3552.72335079222,,,2021,0.0,0,149.0,0
Dominica,DM,DMA,Americas,Caribbean,Roseau,751.0,67408,,0,False,left,https://flagcdn.com/w320/dm.png,https://flagcdn.com/dm.svg,English,1,0,1,1,1,0,2024,10405.2787777582,2023,27.063396005142,2021,0.0,0,99.0,0
Dominican Republic,DO,DOM,Americas,Caribbean,Santo Domingo,48671.0,10771504,HTI,1,False,right,https://flagcdn.com/w320/do.png,https://flagcdn.com/do.svg,Spanish,1,0,0,1,0,0,2024,10875.6618443092,2023,10.9166976980638,2021,0.0,0,98.0,0
Ecuador,EC,ECU,Americas,South America,Quito,276841.0,18103660,"COL,PER",2,False,right,https://flagcdn.com/w320/ec.png,https://flagcdn.com/ec.svg,Spanish,2,0,0,1,0,1,2024,6874.705739766,2023,45.7228145164847,2021,0.0,0,118.0,0
Egypt,EG,EGY,Africa,Northern Africa,Cairo,1002450.0,107271260,"ISR,LBY,PSE,SDN",4,False,right,https://flagcdn.com/w320/eg.png,https://flagcdn.com/eg.svg,Arabic,1,0,0,1,0,0,2024,3338.47371395895,2017,1.31152527182627,2021,0.0,0,154.0,0
El Salvador,SV,SLV,Americas,Central America,San Salvador,21041.0,6029976,"GTM,HND",2,False,right,https://flagcdn.com/w320/sv.png,https://flagcdn.com/sv.svg,Spanish,1,0,0,1,0,0,2024,5579.65969165029,2022,7.89768799960639,2021,0.0,0,131.0,0
Equatorial Guinea,GQ,GNQ,Africa,Middle Africa,Malabo,28051.0,1668768,"CMR,GAB",2,False,right,https://flagcdn.com/w320/gq.png,https://flagcdn.com/gq.svg,French|Portuguese|Spanish,1,0,0,1,0,0,2024,6745.40013244916,,,2021,0.0,0,121.0,0
Eritrea,ER,ERI,Africa,Eastern Africa,Asmara,117600.0,3607000,"DJI,ETH,SDN",3,False,right,https://flagcdn.com/w320/er.png,https://flagcdn.com/er.svg,Arabic|English|Tigrinya,1,0,0,1,0,0,2011,688.68165957684,2012,15.6075665087306,2021,0.0,0,203.0,0
Estonia,EE,EST,Europe,Northern Europe,Tallinn,45227.0,1369995,"LVA,RUS",2,False,right,https://flagcdn.com/w320/ee.png,https://flagcdn.com/ee.svg,Estonian,1,0,0,1,0,0,2024,31428.3547816104,2023,1.53599045052794,2021,0.0,0,52.0,0
Eswatini,SZ,SWZ,Africa,Southern Africa,Mbabane,17364.0,1235549,"MOZ,ZAF",2,True,left,https://flagcdn.com/w320/sz.png,https://flagcdn.com/sz.svg,English|Swazi,1,1,1,0,0,0,2024,3909.55892378182,2021,12.5145709802017,2021,0.0,0,147.0,0
Ethiopia,ET,ETH,Africa,Eastern Africa,Addis Ababa,1104300.0,111652998,"DJI,ERI,KEN,SOM,SSD,SDN",6,True,right,https://flagcdn.com/w320/et.png,https://flagcdn.com/et.svg,Amharic,1,1,0,0,0,0,2024,1133.88279681719,2012,8.51054794891045,2021,0.0,0,186.0,0
Falkland Islands,FK,FLK,Americas,South America,Stanley,12173.0,3662,,0,False,left,https://flagcdn.com/w320/fk.png,https://flagcdn.com/fk.svg,English,1,0,1,1,1,0,,,,,,,,,0
Faroe Islands,FO,FRO,Europe,Northern Europe,Tórshavn,1393.0,54885,,0,False,right,https://flagcdn.com/w320/fo.png,https://flagcdn.com/fo.svg,Danish|Faroese,1,0,0,1,1,0,2024,74119.6607553879,,,2021,0.0,0,14.0,1
Fiji,FJ,FJI,Oceania,Melanesia,Suva,18272.0,900869,,0,False,left,https://flagcdn.com/w320/fj.png,https://flagcdn.com/fj.svg,English|Fiji Hindi|Fijian,1,0,1,1,1,0,2024,6425.74151715712,2023,2.0559533103824,2021,0.0,0,123.0,0
Finland,FI,FIN,Europe,Northern Europe,Helsinki,338455.0,5650325,"NOR,SWE,RUS",3,False,right,https://flagcdn.com/w320/fi.png,https://flagcdn.com/fi.svg,Finnish|Swedish,1,0,0,1,0,0,2024,53149.7671934051,2023,0.98193498501344,2023,42.075055187638,1,29.0,0
France,FR,FRA,Europe,Western Europe,Paris,543908.0,66351959,"AND,BEL,DEU,ITA,LUX,MCO,ESP,CHE",8,False,right,https://flagcdn.com/w320/fr.png,https://flagcdn.com/fr.svg,French,14,0,0,1,0,1,2024,46103.0840855884,2023,1.33506280409367,2023,64.3385458281018,1,33.0,0
French Guiana,GF,GUF,Americas,South America,Cayenne,83534.0,292354,"BRA,SUR",2,False,right,https://flagcdn.com/w320/gf.png,https://flagcdn.com/gf.svg,French,1,0,0,1,0,0,,,,,,,,,0
French Polynesia,PF,PYF,Oceania,Polynesia,Papeetē,4167.0,279500,,0,False,right,https://flagcdn.com/w320/pf.png,https://flagcdn.com/pf.svg,French,3,0,0,1,1,1,2024,22439.8838746025,2009,0.37108298714383,2021,0.0,0,70.0,0
French Southern and Antarctic Lands,TF,ATF,Antarctic,,Port-aux-Français,7747.0,400,,0,False,right,https://flagcdn.com/w320/tf.png,https://flagcdn.com/tf.svg,French,1,0,0,1,1,0,,,,,,,,,0
Gabon,GA,GAB,Africa,Middle Africa,Libreville,267668.0,2469296,"CMR,COG,GNQ",3,False,right,https://flagcdn.com/w320/ga.png,https://flagcdn.com/ga.svg,French,1,0,0,1,0,0,2024,8230.04311451151,,,2021,0.0,0,108.0,0
Gambia,GM,GMB,Africa,Western Africa,Banjul,10689.0,2422712,SEN,1,False,right,https://flagcdn.com/w320/gm.png,https://flagcdn.com/gm.svg,English,1,0,0,1,0,0,2024,871.340291776294,,,2021,0.0,0,199.0,0
Georgia,GE,GEO,Asia,Western Asia,Tbilisi,69700.0,4000921,"ARM,AZE,RUS,TUR",4,False,right,https://flagcdn.com/w320/ge.png,https://flagcdn.com/ge.svg,Georgian,1,0,0,1,0,0,2024,9241.49122313713,2019,2.02806499553233,2021,0.0,0,104.0,0
Germany,DE,DEU,Europe,Western Europe,Berlin,357114.0,83491249,"AUT,BEL,CZE,DNK,FRA,LUX,NLD,POL,CHE",9,False,right,https://flagcdn.com/w320/de.png,https://flagcdn.com/de.svg,German,1,0,0,1,0,0,2024,56103.7323182554,2023,0.910722780231795,2023,1.40970264573211,1,24.0,0
Ghana,GH,GHA,Africa,Western Africa,Accra,238533.0,33742380,"BFA,CIV,TGO",3,False,right,https://flagcdn.com/w320/gh.png,https://flagcdn.com/gh.svg,English,1,0,0,1,0,0,2024,2390.77237652715,2022,1.83111773115644,2021,0.0,0,167.0,0
Gibraltar,GI,GIB,Europe,Southern Europe,Gibraltar,6.0,38000,ESP,1,False,right,https://flagcdn.com/w320/gi.png,https://flagcdn.com/gi.svg,English,1,0,0,1,0,0,,,2010,3.20020481310804,2014,0.0,0,,0
Greece,GR,GRC,Europe,Southern Europe,Athens,131990.0,10400720,"ALB,BGR,TUR,MKD",4,False,right,https://flagcdn.com/w320/gr.png,https://flagcdn.com/gr.svg,Greek,1,0,0,1,0,0,2024,24626.1481858973,2023,0.839605274224601,2021,0.0,0,61.0,0
Greenland,GL,GRL,Americas,North America,Nuuk,2166086.0,56542,,0,False,right,https://flagcdn.com/w320/gl.png,https://flagcdn.com/gl.svg,Greenlandic,4,0,0,1,1,1,2023,58498.9707973609,2016,5.35131374752502,2021,0.0,0,20.0,1
Grenada,GD,GRD,Americas,Caribbean,St. George's,344.0,109021,,0,False,left,https://flagcdn.com/w320/gd.png,https://flagcdn.com/gd.svg,English,1,0,1,1,1,0,2024,11705.0902976658,2023,13.6657527694502,2021,0.0,0,95.0,0
Guadeloupe,GP,GLP,Americas,Caribbean,Basse-Terre,1628.0,378561,,0,False,right,https://flagcdn.com/w320/gp.png,https://flagcdn.com/gp.svg,French,1,0,0,1,1,0,,,,,,,,,0
Guam,GU,GUM,Oceania,Micronesia,Hagåtña,549.0,153836,,0,False,right,https://flagcdn.com/w320/gu.png,https://flagcdn.com/gu.svg,Chamorro|English|Spanish,1,0,0,1,1,0,2022,41833.1517132825,2019,4.32611490161179,2021,0.0,0,36.0,0
Guatemala,GT,GTM,Americas,Central America,Guatemala City,108889.0,18079810,"BLZ,SLV,HND,MEX",4,False,right,https://flagcdn.com/w320/gt.png,https://flagcdn.com/gt.svg,Spanish,1,0,0,1,0,0,2024,6150.02571438505,2023,23.3657267272051,2021,0.0,0,127.0,0
Guernsey,GG,GGY,Europe,Northern Europe,St. Peter Port,78.0,64781,,0,False,left,https://flagcdn.com/w320/gg.png,https://flagcdn.com/gg.svg,English|French|Guernésiais,1,0,1,1,1,0,,,,,,,,,0
Guinea,GN,GIN,Africa,Western Africa,Conakry,245857.0,14363931,"CIV,GNB,LBR,MLI,SEN,SLE",6,False,right,https://flagcdn.com/w320/gn.png,https://flagcdn.com/gn.svg,French,1,0,0,1,0,0,2024,1694.95375862193,,,2021,0.0,0,176.0,0
Guinea-Bissau,GW,GNB,Africa,Western Africa,Bissau,36125.0,1781308,"GIN,SEN",2,False,right,https://flagcdn.com/w320/gw.png,https://flagcdn.com/gw.svg,Portuguese|Upper Guinea Creole,1,0,0,1,0,0,2024,1007.74151728028,2017,1.11876398954435,2021,0.0,0,193.0,0
Guyana,GY,GUY,Americas,South America,Georgetown,214969.0,772975,"BRA,SUR,VEN",3,False,left,https://flagcdn.com/w320/gy.png,https://flagcdn.com/gy.svg,English,1,0,1,1,0,0,2024,29675.2443873316,2023,19.1201580922439,2021,0.0,0,53.0,0
Haiti,HT,HTI,Americas,Caribbean,Port-au-Prince,27750.0,11867032,DOM,1,False,right,https://flagcdn.com/w320/ht.png,https://flagcdn.com/ht.svg,French|Haitian Creole,1,0,0,1,0,0,2024,2142.62330526788,2023,41.1518089717388,2021,0.0,0,169.0,0
Heard Island and McDonald Islands,HM,HMD,Antarctic,,,412.0,0,,0,False,right,https://flagcdn.com/w320/hm.png,https://flagcdn.com/hm.svg,English,1,0,0,1,1,0,,,,,,,,,0
Honduras,HN,HND,Americas,Central America,Tegucigalpa,112492.0,9892632,"GTM,SLV,NIC",3,False,right,https://flagcdn.com/w320/hn.png,https://flagcdn.com/hn.svg,Spanish,1,0,0,1,0,0,2024,3426.43483328923,2023,31.4424316507577,2021,0.0,0,152.0,0
Hong Kong,HK,HKG,Asia,Eastern Asia,City of Victoria,1104.0,7527500,CHN,1,False,left,https://flagcdn.com/w320/hk.png,https://flagcdn.com/hk.svg,Chinese|English,1,0,1,1,0,0,2024,54074.6928519479,2023,0.376205815214825,2021,0.0,0,27.0,0
Hungary,HU,HUN,Europe,Central Europe,Budapest,93028.0,9539502,"AUT,HRV,ROU,SRB,SVK,SVN,UKR",7,True,right,https://flagcdn.com/w320/hu.png,https://flagcdn.com/hu.svg,Hungarian,1,1,0,0,0,0,2024,23292.3263882478,2023,0.722657964901225,2023,44.7826698551132,1,68.0,0
Iceland,IS,ISL,Europe,Northern Europe,Reykjavik,103000.0,391810,,0,False,right,https://flagcdn.com/w320/is.png,https://flagcdn.com/is.svg,Icelandic,1,0,0,1,1,0,2024,86040.5309851288,2023,1.29013114183057,2021,0.0,0,11.0,1
India,IN,IND,Asia,Southern Asia,New Delhi,3287263.0,1417492000,"BGD,BTN,MMR,CHN,NPL,PAK",6,False,left,https://flagcdn.com/w320/in.png,https://flagcdn.com/in.svg,English|Hindi|Tamil,1,0,1,1,0,0,2024,2694.73780859961,2022,2.81530423021647,2023,2.41280467088623,1,159.0,0
Indonesia,ID,IDN,Asia,South-Eastern Asia,Jakarta,1904569.0,284438782,"TLS,MYS,PNG",3,False,left,https://flagcdn.com/w320/id.png,https://flagcdn.com/id.svg,Indonesian,3,0,1,1,0,1,2024,4925.43048751861,2022,0.303768746039586,2021,0.0,0,136.0,0
Iran,IR,IRN,Asia,Southern Asia,Tehran,1648195.0,85961000,"AFG,ARM,AZE,IRQ,PAK,TUR,TKM",7,False,right,https://flagcdn.com/w320/ir.png,https://flagcdn.com/ir.svg,Persian (Farsi),1,0,0,1,0,0,2024,5190.16959024821,2014,2.37540050451863,2022,2.19871678058253,1,135.0,0
Iraq,IQ,IRQ,Asia,Western Asia,Baghdad,438317.0,46118793,"IRN,JOR,KWT,SAU,SYR,TUR",6,False,right,https://flagcdn.com/w320/iq.png,https://flagcdn.com/iq.svg,Arabic|Aramaic|Sorani,1,0,0,1,0,0,2024,6073.61032342708,2013,9.46375217111484,2021,0.0,0,128.0,0
Ireland,IE,IRL,Europe,Northern Europe,Dublin,70273.0,5458600,GBR,1,False,left,https://flagcdn.com/w320/ie.png,https://flagcdn.com/ie.svg,English|Irish,1,0,1,1,0,0,2024,112894.953240805,2023,0.654270171245596,2021,0.0,0,5.0,1
Isle of Man,IM,IMN,Europe,Northern Europe,Douglas,572.0,84530,,0,False,left,https://flagcdn.com/w320/im.png,https://flagcdn.com/im.svg,English|Manx,1,0,1,1,1,0,2022,88328.548125887,2015,1.19627241515438,,,,9.0,1
Israel,IL,ISR,Asia,Western Asia,Jerusalem,21937.0,10134800,"EGY,JOR,LBN,PSE,SYR",5,False,right,https://flagcdn.com/w320/il.png,https://flagcdn.com/il.svg,Arabic|Hebrew,1,0,0,1,0,0,2024,54176.6844383302,2022,1.62581066709758,2021,0.0,0,26.0,0
Italy,IT,ITA,Europe,Southern Europe,Rome,301336.0,58927633,"AUT,FRA,SMR,SVN,CHE,VAT",6,False,right,https://flagcdn.com/w320/it.png,https://flagcdn.com/it.svg,Catalan|Italian,1,0,0,1,0,0,2024,40385.3413957669,2023,0.568072449338316,2021,0.0,0,38.0,0
Ivory Coast,CI,CIV,Africa,Western Africa,Yamoussoukro,322463.0,31719275,"BFA,GHA,GIN,LBR,MLI",5,False,right,https://flagcdn.com/w320/ci.png,https://flagcdn.com/ci.svg,French,1,0,0,1,0,0,2024,2727.8935220697,,,2021,0.0,0,158.0,0
Jamaica,JM,JAM,Americas,Caribbean,Kingston,10991.0,2825544,,0,False,left,https://flagcdn.com/w320/jm.png,https://flagcdn.com/jm.svg,English|Jamaican Patois,1,0,1,1,1,0,2024,7753.8006955432,2023,49.4403451527686,2021,0.0,0,110.0,0
Japan,JP,JPN,Asia,Eastern Asia,Tokyo,377930.0,123210000,,0,False,left,https://flagcdn.com/w320/jp.png,https://flagcdn.com/jp.svg,Japanese,1,0,1,1,1,0,2024,32487.0778047567,2023,0.229153196964695,2023,8.38330101890195,1,50.0,0
Jersey,JE,JEY,Europe,Northern Europe,Saint Helier,116.0,103267,,0,False,left,https://flagcdn.com/w320/je.png,https://flagcdn.com/je.svg,English|French|Jèrriais,1,0,1,1,1,0,,,,,,,,,0
Jordan,JO,JOR,Asia,Western Asia,Amman,89342.0,11734000,"IRQ,ISR,PSE,SAU,SYR",5,False,right,https://flagcdn.com/w320/jo.png,https://flagcdn.com/jo.svg,Arabic,1,0,0,1,0,0,2024,4618.09592498567,2023,0.987830151085125,2021,0.0,0,138.0,0
Kazakhstan,KZ,KAZ,Asia,Central Asia,Astana,2724900.0,20426568,"CHN,KGZ,RUS,TKM,UZB",5,True,right,https://flagcdn.com/w320/kz.png,https://flagcdn.com/kz.svg,Kazakh|Russian,2,1,0,0,0,1,2024,14154.6324958076,2022,2.55058633787163,2021,0.0,0,86.0,0
Kenya,KE,KEN,Africa,Eastern Africa,Nairobi,580367.0,53330978,"ETH,SOM,SSD,TZA,UGA",5,False,left,https://flagcdn.com/w320/ke.png,https://flagcdn.com/ke.svg,English|Swahili,1,0,1,1,0,0,2024,2132.43452097647,2022,4.87166844718499,2021,0.0,0,170.0,0
Kiribati,KI,KIR,Oceania,Micronesia,South Tarawa,811.0,120740,,0,False,left,https://flagcdn.com/w320/ki.png,https://flagcdn.com/ki.svg,English|Gilbertese,3,0,1,1,1,1,2024,2288.63471423684,2012,7.12479070927292,2021,0.0,0,168.0,0
Kosovo,XK,UNK,Europe,Southeast Europe,Pristina,10908.0,1585566,"ALB,MKD,MNE,SRB",4,True,right,https://flagcdn.com/w320/xk.png,https://flagcdn.com/xk.svg,Albanian|Serbian,1,1,0,0,0,0,,,,,,,,,0
Kuwait,KW,KWT,Asia,Western Asia,Kuwait City,17818.0,4881254,"IRQ,SAU",2,False,right,https://flagcdn.com/w320/kw.png,https://flagcdn.com/kw.svg,Arabic,1,0,0,1,0,0,2024,32717.7186631255,2020,0.249991818449578,2021,0.0,0,49.0,0
Kyrgyzstan,KG,KGZ,Asia,Central Asia,Bishkek,199951.0,7281800,"CHN,KAZ,TJK,UZB",4,True,right,https://flagcdn.com/w320/kg.png,https://flagcdn.com/kg.svg,Kyrgyz|Russian,1,1,0,0,0,0,2024,2420.18542283831,2020,1.74734308054439,2021,0.0,0,166.0,0
Laos,LA,LAO,Asia,South-Eastern Asia,Vientiane,236800.0,7647000,"MMR,KHM,CHN,THA,VNM",5,True,right,https://flagcdn.com/w320/la.png,https://flagcdn.com/la.svg,Lao,1,1,0,0,0,0,2024,2123.97909415109,,,2021,0.0,0,171.0,0
Latvia,LV,LVA,Europe,Northern Europe,Riga,64559.0,1829000,"BLR,EST,LTU,RUS",4,False,right,https://flagcdn.com/w320/lv.png,https://flagcdn.com/lv.svg,Latvian,1,0,0,1,0,0,2024,23409.0845154775,2023,2.49681788529087,2021,0.0,0,67.0,0
Lebanon,LB,LBN,Asia,Western Asia,Beirut,10452.0,5490000,"ISR,SYR",2,False,right,https://flagcdn.com/w320/lb.png,https://flagcdn.com/lb.svg,Arabic|French,1,0,0,1,0,0,2023,3477.72489842684,2020,2.24466989542556,2021,0.0,0,151.0,0
Lesotho,LS,LSO,Africa,Southern Africa,Maseru,30355.0,2116427,ZAF,1,True,left,https://flagcdn.com/w320/ls.png,https://flagcdn.com/ls.svg,English|Sotho,1,1,1,0,0,0,2024,971.90771824829,2008,38.2397413122181,2021,0.0,0,197.0,0
Liberia,LR,LBR,Africa,Western Africa,Monrovia,111369.0,5248621,"GIN,CIV,SLE",3,False,right,https://flagcdn.com/w320/lr.png,https://flagcdn.com/lr.svg,English,1,0,0,1,0,0,2024,851.497723870206,2012,3.08709483452429,2021,0.0,0,200.0,0
Libya,LY,LBY,Africa,Northern Africa,Tripoli,1759540.0,7459000,"DZA,TCD,EGY,NER,SDN,TUN",6,False,right,https://flagcdn.com/w320/ly.png,https://flagcdn.com/ly.svg,Arabic,1,0,0,1,0,0,2024,6569.16408678648,,,2021,0.0,0,122.0,0
Liechtenstein,LI,LIE,Europe,Western Europe,Vaduz,160.0,40900,"AUT,CHE",2,True,right,https://flagcdn.com/w320/li.png,https://flagcdn.com/li.svg,German,1,1,0,0,0,0,2023,206780.590353385,2021,5.12242598094458,,,,2.0,1
Lithuania,LT,LTU,Europe,Northern Europe,Vilnius,65300.0,2894886,"BLR,LVA,POL,RUS",4,False,right,https://flagcdn.com/w320/lt.png,https://flagcdn.com/lt.svg,Lithuanian,1,0,0,1,0,0,2024,29384.0189598663,2023,2.62779952622526,2021,0.0,0,55.0,0
Luxembourg,LU,LUX,Europe,Western Europe,Luxembourg,2586.0,681973,"BEL,FRA,DEU",3,True,right,https://flagcdn.com/w320/lu.png,https://flagcdn.com/lu.svg,French|German|Luxembourgish,1,1,0,0,0,0,2024,137781.681659123,2022,1.5306610542428,2021,0.0,0,4.0,1
Macau,MO,MAC,Asia,Eastern Asia,,30.0,685900,CHN,1,False,left,https://flagcdn.com/w320/mo.png,https://flagcdn.com/mo.svg,Chinese|Portuguese,1,0,1,1,0,0,2024,72004.7437020733,2023,0.560293537784445,,,,15.0,1
Madagascar,MG,MDG,Africa,Eastern Africa,Antananarivo,587041.0,31727042,,0,False,right,https://flagcdn.com/w320/mg.png,https://flagcdn.com/mg.svg,French|Malagasy,1,0,0,1,1,0,2024,544.987501003384,,,2021,0.0,0,208.0,0
Malawi,MW,MWI,Africa,Eastern Africa,Lilongwe,118484.0,20734262,"MOZ,TZA,ZMB",3,True,left,https://flagcdn.com/w320/mw.png,https://flagcdn.com/mw.svg,Chewa|English,1,1,1,0,0,0,2024,522.570393642547,2012,1.77598671180007,2021,0.0,0,209.0,0
Malaysia,MY,MYS,Asia,South-Eastern Asia,Kuala Lumpur,330803.0,34231700,"BRN,IDN,THA,SGP",4,False,left,https://flagcdn.com/w320/my.png,https://flagcdn.com/my.svg,English|Malay,1,0,1,1,0,0,2024,11874.4273684245,2023,0.734492430713877,2021,0.0,0,94.0,0
Maldives,MV,MDV,Asia,Southern Asia,Malé,300.0,515132,,0,False,left,https://flagcdn.com/w320/mv.png,https://flagcdn.com/mv.svg,Maldivian,1,0,1,1,1,0,2024,13379.3513577224,2019,0.615093155858455,2021,0.0,0,90.0,0
Mali,ML,MLI,Africa,Western Africa,Bamako,1240192.0,22395489,"DZA,BFA,GIN,CIV,MRT,NER,SEN",7,True,right,https://flagcdn.com/w320/ml.png,https://flagcdn.com/ml.svg,French,1,1,0,0,0,0,2024,1094.61949265799,,,2021,0.0,0,188.0,0
Malta,MT,MLT,Europe,Southern Europe,Valletta,316.0,574250,,0,False,left,https://flagcdn.com/w320/mt.png,https://flagcdn.com/mt.svg,English|Maltese,1,0,1,1,1,0,2024,43898.5781808597,2023,0.562898250512237,2021,0.0,0,35.0,0
Marshall Islands,MH,MHL,Oceania,Micronesia,Majuro,181.0,42418,,0,False,right,https://flagcdn.com/w320/mh.png,https://flagcdn.com/mh.svg,English|Marshallese,1,0,0,1,1,0,2024,7726.33668877794,1994,4.19186150089601,2021,0.0,0,111.0,0
Martinique,MQ,MTQ,Americas,Caribbean,Fort-de-France,1128.0,349925,,0,False,right,https://flagcdn.com/w320/mq.png,https://flagcdn.com/mq.svg,French,1,0,0,1,1,0,,,,,,,,,0
Mauritania,MR,MRT,Africa,Western Africa,Nouakchott,1030700.0,4927532,"DZA,MLI,SEN,ESH",4,False,right,https://flagcdn.com/w320/mr.png,https://flagcdn.com/mr.svg,Arabic,1,0,0,1,0,0,2024,2110.12036938187,2020,0.999971522550119,2021,0.0,0,172.0,0
Mauritius,MU,MUS,Africa,Eastern Africa,Port Louis,2040.0,1243741,,0,False,left,https://flagcdn.com/w320/mu.png,https://flagcdn.com/mu.svg,English|French|Mauritian Creole,1,0,1,1,1,0,2024,11990.7798944837,2022,2.27249663925174,2021,0.0,0,93.0,0
Mayotte,YT,MYT,Africa,Eastern Africa,Mamoudzou,374.0,320901,,0,False,right,https://flagcdn.com/w320/yt.png,https://flagcdn.com/yt.svg,French,1,0,0,1,1,0,,,,,,,,,0
Mexico,MX,MEX,Americas,North America,Mexico City,1964375.0,130575786,"BLZ,GTM,USA",3,False,right,https://flagcdn.com/w320/mx.png,https://flagcdn.com/mx.svg,Spanish,3,0,0,1,0,1,2024,14185.7812248529,2023,24.8589948436701,2023,3.24408986857062,1,84.0,0
Micronesia,FM,FSM,Oceania,Micronesia,Palikir,702.0,105564,,0,False,right,https://flagcdn.com/w320/fm.png,https://flagcdn.com/fm.svg,English,2,0,0,1,1,1,2024,4166.00476748564,2019,0.906766290056401,2021,0.0,0,144.0,0
Moldova,MD,MDA,Europe,Eastern Europe,Chișinău,33847.0,2749076,"ROU,UKR",2,True,right,https://flagcdn.com/w320/md.png,https://flagcdn.com/md.svg,Romanian,1,1,0,0,0,0,2024,7576.19589413326,2023,2.54314378217647,2021,0.0,0,114.0,0
Monaco,MC,MCO,Europe,Western Europe,Monaco,2.02,38423,FRA,1,False,right,https://flagcdn.com/w320/mc.png,https://flagcdn.com/mc.svg,French,1,0,0,1,0,0,2024,288001.433369041,2001,3.08194902456313,,,,1.0,1
Mongolia,MN,MNG,Asia,Eastern Asia,Ulan Bator,1564110.0,3544835,"CHN,RUS",2,True,right,https://flagcdn.com/w320/mn.png,https://flagcdn.com/mn.svg,Mongolian,2,1,0,0,0,1,2024,6750.6301157724,2023,5.91503475082916,2021,0.0,0,120.0,0
Montenegro,ME,MNE,Europe,Southeast Europe,Podgorica,13812.0,623327,"ALB,BIH,HRV,UNK,SRB",5,False,right,https://flagcdn.com/w320/me.png,https://flagcdn.com/me.svg,Montenegrin,1,0,0,1,0,0,2024,13263.3281277699,2023,0.789201202111271,2021,0.0,0,92.0,0
Montserrat,MS,MSR,Americas,Caribbean,Plymouth,102.0,4386,,0,False,left,https://flagcdn.com/w320/ms.png,https://flagcdn.com/ms.svg,English,1,0,1,1,1,0,,,,,,,,,0
Morocco,MA,MAR,Africa,Northern Africa,Rabat,446550.0,36828330,"DZA,ESH,ESP",3,False,right,https://flagcdn.com/w320/ma.png,https://flagcdn.com/ma.svg,Arabic|Berber,1,0,0,1,0,0,2024,4153.1943359375,2023,1.70500474577332,2021,0.0,0,145.0,0
Mozambique,MZ,MOZ,Africa,Eastern Africa,Maputo,801590.0,34090466,"MWI,ZAF,SWZ,TZA,ZMB,ZWE",6,False,left,https://flagcdn.com/w320/mz.png,https://flagcdn.com/mz.svg,Portuguese,1,0,1,1,0,0,2024,656.776824637306,2011,3.58999788532633,2021,0.0,0,204.0,0
Myanmar,MM,MMR,Asia,South-Eastern Asia,Naypyidaw,676578.0,51316756,"BGD,CHN,IND,LAO,THA",5,False,right,https://flagcdn.com/w320/mm.png,https://flagcdn.com/mm.svg,Burmese,1,0,0,1,0,0,2024,1359.05001560107,2023,2.57510107248619,2021,0.0,0,181.0,0
Namibia,NA,NAM,Africa,Southern Africa,Windhoek,825615.0,3022401,"AGO,BWA,ZAF,ZMB",4,False,left,https://flagcdn.com/w320/na.png,https://flagcdn.com/na.svg,Afrikaans|English|German|Herero|Khoekhoe|Kwangali|Lozi|Ndonga|Tswana,1,0,1,1,0,0,2024,4413.12752211572,2021,11.2077806904171,2021,0.0,0,141.0,0
Nauru,NR,NRU,Oceania,Micronesia,Yaren,21.0,11680,,0,False,left,https://flagcdn.com/w320/nr.png,https://flagcdn.com/nr.svg,English|Nauru,1,0,1,1,1,0,2024,13609.158837552,,,2021,0.0,0,89.0,0
Nepal,NP,NPL,Asia,Southern Asia,Kathmandu,147181.0,29911840,"CHN,IND",2,True,left,https://flagcdn.com/w320/np.png,https://flagcdn.com/np.svg,Nepali,1,1,1,0,0,0,2024,1447.31004458428,2020,2.13004129984372,2021,0.0,0,180.0,0
Netherlands,NL,NLD,Europe,Western Europe,Amsterdam,41865.0,18100436,"BEL,DEU",2,False,right,https://flagcdn.com/w320/nl.png,https://flagcdn.com/nl.svg,Dutch,1,0,0,1,0,0,2024,67520.4218956281,2023,0.690893081283378,2023,3.28443089095854,1,17.0,1
New Caledonia,NC,NCL,Oceania,Melanesia,Nouméa,18575.0,264596,,0,False,right,https://flagcdn.com/w320/nc.png,https://flagcdn.com/nc.svg,French,1,0,0,1,1,0,2024,29213.1923192946,2009,3.10982139906977,2021,0.0,0,57.0,0
New Zealand,NZ,NZL,Oceania,Australia and New Zealand,Wellington,268838.0,5324700,,0,False,left,https://flagcdn.com/w320/nz.png,https://flagcdn.com/nz.svg,English|Māori|New Zealand Sign Language,5,0,1,1,1,1,2024,49205.1792146792,2022,1.46149415952832,2021,0.0,0,32.0,0
Nicaragua,NI,NIC,Americas,Central America,Managua,130373.0,6803886,"CRI,HND",2,False,right,https://flagcdn.com/w320/ni.png,https://flagcdn.com/ni.svg,Spanish,1,0,0,1,0,0,2024,2847.53966339498,2021,11.3473196321723,2021,0.0,0,157.0,0
Niger,NE,NER,Africa,Western Africa,Niamey,1267000.0,26312034,"DZA,BEN,BFA,TCD,LBY,MLI,NGA",7,True,right,https://flagcdn.com/w320/ne.png,https://flagcdn.com/ne.svg,French,1,1,0,0,0,0,2024,735.270255787226,2012,4.41784034939735,2021,0.0,0,202.0,0
Nigeria,NG,NGA,Africa,Western Africa,Abuja,923768.0,223800000,"BEN,CMR,TCD,NER",4,False,right,https://flagcdn.com/w320/ng.png,https://flagcdn.com/ng.svg,English,1,0,0,1,0,0,2024,1084.16041805436,2023,15.7466808233499,2021,0.0,0,189.0,0
Niue,NU,NIU,Oceania,Polynesia,Alofi,260.0,1681,,0,False,left,https://flagcdn.com/w320/nu.png,https://flagcdn.com/nu.svg,English|Niuean,1,0,1,1,1,0,,,,,,,,,0
Norfolk Island,NF,NFK,Oceania,Australia and New Zealand,Kingston,36.0,2188,,0,False,left,https://flagcdn.com/w320/nf.png,https://flagcdn.com/nf.svg,English|Norfuk,1,0,1,1,1,0,,,,,,,,,0
North Korea,KP,PRK,Asia,Eastern Asia,Pyongyang,120538.0,25950000,"CHN,KOR,RUS",3,False,right,https://flagcdn.com/w320/kp.png,https://flagcdn.com/kp.svg,Korean,1,0,0,1,0,0,,,,,2021,0.0,0,,0
North Macedonia,MK,MKD,Europe,Southeast Europe,Skopje,25713.0,1822612,"ALB,BGR,GRC,UNK,SRB",5,True,right,https://flagcdn.com/w320/mk.png,https://flagcdn.com/mk.svg,Macedonian,1,1,0,0,0,0,2024,9291.85661671864,2023,1.52854990019388,2021,0.0,0,103.0,0
Northern Mariana Islands,MP,MNP,Oceania,Micronesia,Saipan,464.0,47329,,0,False,right,https://flagcdn.com/w320/mp.png,https://flagcdn.com/mp.svg,Carolinian|Chamorro|English,1,0,0,1,1,0,2022,23785.754590043,,,,,,65.0,0
Norway,NO,NOR,Europe,Northern Europe,Oslo,386224.0,5606944,"FIN,SWE,RUS",3,False,right,https://flagcdn.com/w320/no.png,https://flagcdn.com/no.svg,Norwegian Bokmål|Norwegian Nynorsk|Sami,1,0,0,1,0,0,2024,86785.4334489176,2023,0.724747049690651,2021,0.0,0,10.0,1
Oman,OM,OMN,Asia,Western Asia,Muscat,309500.0,5343630,"SAU,ARE,YEM",3,False,right,https://flagcdn.com/w320/om.png,https://flagcdn.com/om.svg,Arabic,1,0,0,1,0,0,2024,20285.2272897377,2023,0.138633928990513,2021,0.0,0,72.0,0
Pakistan,PK,PAK,Asia,Southern Asia,Islamabad,796095.0,241499431,"AFG,CHN,IND,IRN",4,False,left,https://flagcdn.com/w320/pk.png,https://flagcdn.com/pk.svg,English|Urdu,1,0,1,1,0,0,2024,1478.77277977996,2023,4.33487075793336,2022,15.5747429093918,1,179.0,0
Palau,PW,PLW,Oceania,Micronesia,Ngerulmud,459.0,16733,,0,False,right,https://flagcdn.com/w320/pw.png,https://flagcdn.com/pw.svg,English|Palauan,1,0,0,1,1,0,2023,15610.8231931032,2018,11.2268096213758,2021,0.0,0,82.0,0
Palestine,PS,PSE,Asia,Western Asia,Ramallah,6220.0,5483450,"ISR,EGY,JOR",3,False,right,https://flagcdn.com/w320/ps.png,https://flagcdn.com/ps.svg,Arabic,1,0,0,1,0,0,2024,2592.30591217647,2022,0.622023007311598,2021,0.0,0,163.0,0
Panama,PA,PAN,Americas,Central America,Panama City,75417.0,4064780,"COL,CRI",2,False,right,https://flagcdn.com/w320/pa.png,https://flagcdn.com/pa.svg,Spanish,1,0,0,1,0,0,2024,19161.2188501596,2023,11.7072934419645,2021,0.0,0,74.0,0
Papua New Guinea,PG,PNG,Oceania,Melanesia,Port Moresby,462840.0,11781559,IDN,1,False,left,https://flagcdn.com/w320/pg.png,https://flagcdn.com/pg.svg,English|Hiri Motu|Tok Pisin,1,0,1,1,0,0,2024,3006.70564478923,2010,9.34037927179888,2021,0.0,0,156.0,0
Paraguay,PY,PRY,Americas,South America,Asunción,406752.0,6109644,"ARG,BOL,BRA",3,True,right,https://flagcdn.com/w320/py.png,https://flagcdn.com/py.svg,Guaraní|Spanish,1,1,0,0,0,0,2024,6416.09708970845,2023,6.7795163925492,2021,0.0,0,124.0,0
Peru,PE,PER,Americas,South America,Lima,1285216.0,34350244,"BOL,BRA,CHL,COL,ECU",5,False,right,https://flagcdn.com/w320/pe.png,https://flagcdn.com/pe.svg,Aymara|Quechua|Spanish,1,0,0,1,0,0,2024,8452.37167056621,2021,8.60480803979216,2021,0.0,0,106.0,0
Philippines,PH,PHL,Asia,South-Eastern Asia,Manila,342353.0,114123600,,0,False,right,https://flagcdn.com/w320/ph.png,https://flagcdn.com/ph.svg,English|Filipino,1,0,0,1,1,0,2024,3984.8315387656,2023,4.34759149828352,2021,0.0,0,146.0,0
Pitcairn Islands,PN,PCN,Oceania,Polynesia,Adamstown,47.0,35,,0,False,left,https://flagcdn.com/w320/pn.png,https://flagcdn.com/pn.svg,English,1,0,1,1,1,0,,,,,,,,,0
Poland,PL,POL,Europe,Central Europe,Warsaw,312679.0,37392000,"BLR,CZE,DEU,LTU,RUS,SVK,UKR",7,False,right,https://flagcdn.com/w320/pl.png,https://flagcdn.com/pl.svg,Polish,1,0,0,1,0,0,2024,25103.565661423,2023,0.802314721828908,2021,0.0,0,60.0,0
Portugal,PT,PRT,Europe,Southern Europe,Lisbon,92090.0,10749635,ESP,1,False,right,https://flagcdn.com/w320/pt.png,https://flagcdn.com/pt.svg,Portuguese,2,0,0,1,0,1,2024,29292.242104753,2022,0.719971949892832,2021,0.0,0,56.0,0
Puerto Rico,PR,PRI,Americas,Caribbean,San Juan,8870.0,3203295,,0,False,right,https://flagcdn.com/w320/pr.png,https://flagcdn.com/pr.svg,English|Spanish,1,0,0,1,1,0,2024,39343.7154660139,2023,14.5896581532053,2021,0.0,0,41.0,0
Qatar,QA,QAT,Asia,Western Asia,Doha,11586.0,3173024,SAU,1,False,right,https://flagcdn.com/w320/qa.png,https://flagcdn.com/qa.svg,Arabic,1,0,0,1,0,0,2024,76688.6941743178,2022,0.0691454145354033,2021,0.0,0,13.0,1
Republic of the Congo,CG,COG,Africa,Middle Africa,Brazzaville,342000.0,6142180,"AGO,CMR,CAF,COD,GAB",5,False,right,https://flagcdn.com/w320/cg.png,https://flagcdn.com/cg.svg,French|Kikongo|Lingala,1,0,0,1,0,0,2024,2482.2489948456,,,2021,0.0,0,165.0,0
Romania,RO,ROU,Europe,Southeast Europe,Bucharest,238391.0,19036031,"BGR,HUN,MDA,SRB,UKR",5,False,right,https://flagcdn.com/w320/ro.png,https://flagcdn.com/ro.svg,Romanian,1,0,0,1,0,0,2024,20080.2096215595,2023,1.10887485110282,2023,19.3008174950847,1,73.0,0
Russia,RU,RUS,Europe,Eastern Europe,Moscow,17098246.0,146028325,"AZE,BLR,CHN,EST,FIN,GEO,KAZ,PRK,LVA,LTU,MNG,NOR,POL,UKR",14,False,right,https://flagcdn.com/w320/ru.png,https://flagcdn.com/ru.svg,Russian,9,0,0,1,0,1,2024,14889.0185546875,2021,6.76512531955806,2022,19.4041636443398,1,83.0,0
Rwanda,RW,RWA,Africa,Eastern Africa,Kigali,26338.0,14104969,"BDI,COD,TZA,UGA",4,True,right,https://flagcdn.com/w320/rw.png,https://flagcdn.com/rw.svg,English|French|Kinyarwanda,1,1,0,0,0,0,2024,999.65456165547,2020,3.61247427164444,2021,0.0,0,194.0,0
Réunion,RE,REU,Africa,Eastern Africa,Saint-Denis,2511.0,896175,,0,False,right,https://flagcdn.com/w320/re.png,https://flagcdn.com/re.svg,French,1,0,0,1,1,0,,,,,,,,,0
Saint Barthélemy,BL,BLM,Americas,Caribbean,Gustavia,21.0,10562,,0,False,right,https://flagcdn.com/w320/bl.png,https://flagcdn.com/bl.svg,French,1,0,0,1,1,0,,,,,,,,,0
"Saint Helena, Ascension and Tristan da Cunha",SH,SHN,Africa,Western Africa,Jamestown,394.0,5651,,0,False,left,https://flagcdn.com/w320/sh.png,https://flagcdn.com/sh.svg,English,1,0,1,1,1,0,,,,,,,,,0
Saint Kitts and Nevis,KN,KNA,Americas,Caribbean,Basseterre,261.0,51320,,0,False,left,https://flagcdn.com/w320/kn.png,https://flagcdn.com/kn.svg,English,1,0,1,1,1,0,2024,23960.6534357084,2023,64.1601437187219,2021,0.0,0,63.0,0
Saint Lucia,LC,LCA,Americas,Caribbean,Castries,616.0,184100,,0,False,left,https://flagcdn.com/w320/lc.png,https://flagcdn.com/lc.svg,English,1,0,1,1,1,0,2024,14181.6303351598,2023,39.0440891432332,2021,0.0,0,85.0,0
Saint Martin,MF,MAF,Americas,Caribbean,Marigot,53.0,31496,SXM,1,False,right,https://flagcdn.com/w320/mf.png,https://flagcdn.com/mf.svg,French,1,0,0,1,0,0,2021,21668.3776525323,2016,26.8997982515131,2021,0.0,0,71.0,0
Saint Pierre and Miquelon,PM,SPM,Americas,North America,Saint-Pierre,242.0,5819,,0,False,right,https://flagcdn.com/w320/pm.png,https://flagcdn.com/pm.svg,French,1,0,0,1,1,0,,,,,,,,,0
Saint Vincent and the Grenadines,VC,VCT,Americas,Caribbean,Kingstown,389.0,110872,,0,False,left,https://flagcdn.com/w320/vc.png,https://flagcdn.com/vc.svg,English,1,0,1,1,1,0,2024,11501.2265187188,2023,51.3212761232698,2021,0.0,0,96.0,0
Samoa,WS,WSM,Oceania,Polynesia,Apia,2842.0,205557,,0,False,left,https://flagcdn.com/w320/ws.png,https://flagcdn.com/ws.svg,English|Samoan,1,0,1,1,1,0,2024,5392.87761915762,2018,6.26258538794308,2021,0.0,0,132.0,0
San Marino,SM,SMR,Europe,Southern Europe,City of San Marino,61.0,34132,ITA,1,True,right,https://flagcdn.com/w320/sm.png,https://flagcdn.com/sm.svg,Italian,1,1,0,0,0,0,2023,59879.7173015651,2002,3.63762026882014,,,,19.0,1
Saudi Arabia,SA,SAU,Asia,Western Asia,Riyadh,2149690.0,35300280,"IRQ,JOR,KWT,OMN,QAT,ARE,YEM",7,False,right,https://flagcdn.com/w320/sa.png,https://flagcdn.com/sa.svg,Arabic,1,0,0,1,0,0,2024,35121.6628687742,2019,0.935259944754359,2021,0.0,0,46.0,0
Senegal,SN,SEN,Africa,Western Africa,Dakar,196722.0,18593258,"GMB,GIN,GNB,MLI,MRT",5,False,right,https://flagcdn.com/w320/sn.png,https://flagcdn.com/sn.svg,French,1,0,0,1,0,0,2024,1773.21829923448,2015,0.267518151792543,2021,0.0,0,175.0,0
Serbia,RS,SRB,Europe,Southeast Europe,Belgrade,77589.0,6567783,"BIH,BGR,HRV,HUN,UNK,MKD,MNE,ROU",8,True,right,https://flagcdn.com/w320/rs.png,https://flagcdn.com/rs.svg,Serbian,1,1,0,0,0,0,2024,13679.2065983557,2023,1.31400205013848,2021,0.0,0,88.0,0
Seychelles,SC,SYC,Africa,Eastern Africa,Victoria,452.0,122729,"",0,False,left,https://flagcdn.com/w320/sc.png,https://flagcdn.com/sc.svg,English|French|Seychellois Creole,1,0,1,1,1,0,2024,17858.8226383978,2022,7.96669919735506,2021,0.0,0,78.0,0
Sierra Leone,SL,SLE,Africa,Western Africa,Freetown,71740.0,9077691,"GIN,LBR",2,False,right,https://flagcdn.com/w320/sl.png,https://flagcdn.com/sl.svg,English,1,0,0,1,0,0,2024,806.654650417726,2020,2.22431228940123,2021,0.0,0,201.0,0
Singapore,SG,SGP,Asia,South-Eastern Asia,Singapore,710.0,6110200,MYS,1,False,left,https://flagcdn.com/w320/sg.png,https://flagcdn.com/sg.svg,Chinese|English|Malay|Tamil,1,0,1,1,1,0,2024,90674.066632628,2023,0.0690954942050905,2021,0.0,0,8.0,1
Sint Maarten,SX,SXM,Americas,Caribbean,Philipsburg,34.0,41349,MAF,1,False,right,https://flagcdn.com/w320/sx.png,https://flagcdn.com/sx.svg,Dutch|English|French,1,0,0,1,0,0,2024,41472.5874498583,,,2021,0.0,0,37.0,0
Slovakia,SK,SVK,Europe,Central Europe,Bratislava,49037.0,5413813,"AUT,CZE,HUN,POL,UKR",5,True,right,https://flagcdn.com/w320/sk.png,https://flagcdn.com/sk.svg,Slovak,1,1,0,0,0,0,2024,25992.6748502048,2023,1.12358440823663,2023,61.3082299434839,1,59.0,0
Slovenia,SI,SVN,Europe,Central Europe,Ljubljana,20273.0,2130638,"AUT,HRV,ITA,HUN",4,False,right,https://flagcdn.com/w320/si.png,https://flagcdn.com/si.svg,Slovene,1,0,0,1,0,0,2024,34301.0318686594,2023,0.566466326409227,2023,35.2878196246379,1,47.0,0
Solomon Islands,SB,SLB,Oceania,Melanesia,Honiara,28896.0,750325,,0,False,left,https://flagcdn.com/w320/sb.png,https://flagcdn.com/sb.svg,English,1,0,1,1,1,0,2024,1933.55538435227,2008,3.73435012480591,2021,0.0,0,173.0,0
Somalia,SO,SOM,Africa,Eastern Africa,Mogadishu,637657.0,19655000,"DJI,ETH,KEN",3,False,right,https://flagcdn.com/w320/so.png,https://flagcdn.com/so.svg,Arabic|Somali,1,0,0,1,0,0,2024,629.538899449007,,,2021,0.0,0,207.0,0
South Africa,ZA,ZAF,Africa,Southern Africa,Pretoria,1221037.0,63100945,"BWA,LSO,MOZ,NAM,SWZ,ZWE",6,False,left,https://flagcdn.com/w320/za.png,https://flagcdn.com/za.svg,Afrikaans|English|Northern Sotho|Southern Ndebele|Southern Sotho|Swazi|Tsonga|Tswana|Venda|Xhosa|Zulu,1,0,1,1,0,0,2024,6267.186814093,2022,43.7202551331462,2023,3.72554064602785,1,126.0,0
South Georgia,GS,SGS,Antarctic,,King Edward Point,3903.0,0,,0,False,right,https://flagcdn.com/w320/gs.png,https://flagcdn.com/gs.svg,English,1,0,0,1,1,0,,,,,,,,,0
South Korea,KR,KOR,Asia,Eastern Asia,Seoul,100210.0,51159889,PRK,1,False,right,https://flagcdn.com/w320/kr.png,https://flagcdn.com/kr.svg,Korean,1,0,0,1,0,0,2024,36238.639908315,2023,0.477306316584835,2023,29.5559904042182,1,44.0,0
South Sudan,SS,SSD,Africa,Middle Africa,Juba,619745.0,15786898,"CAF,COD,ETH,KEN,SDN,UGA",6,True,right,https://flagcdn.com/w320/ss.png,https://flagcdn.com/ss.svg,English,1,1,0,0,0,0,2015,1080.14718624765,2012,13.9825812737537,2021,0.0,0,190.0,0
Spain,ES,ESP,Europe,Southern Europe,Madrid,505992.0,49315949,"AND,FRA,GIB,PRT,MAR",5,False,right,https://flagcdn.com/w320/es.png,https://flagcdn.com/es.svg,Basque|Catalan|Galician|Spanish,2,0,0,1,0,1,2024,35326.7683069278,2023,0.690855954769765,2023,19.8940114733455,1,45.0,0
Sri Lanka,LK,LKA,Asia,Southern Asia,Sri Jayawardenepura Kotte,65610.0,21763170,,0,False,left,https://flagcdn.com/w320/lk.png,https://flagcdn.com/lk.svg,Sinhala|Tamil,1,0,1,1,1,0,2024,4515.56787322732,2019,3.31094038448808,2021,0.0,0,139.0,0
Sudan,SD,SDN,Africa,Northern Africa,Khartoum,1886068.0,51662000,"CAF,TCD,EGY,ERI,ETH,LBY,SSD",7,False,right,https://flagcdn.com/w320/sd.png,https://flagcdn.com/sd.svg,Arabic|English,1,0,0,1,0,0,2024,984.607666015625,2008,5.1480839388,2021,0.0,0,195.0,0
Suriname,SR,SUR,Americas,South America,Paramaribo,163820.0,616500,"BRA,GUF,GUY",3,False,left,https://flagcdn.com/w320/sr.png,https://flagcdn.com/sr.svg,Dutch,1,0,1,1,0,0,2024,6961.78955961526,2023,6.51946457704576,2021,0.0,0,117.0,0
Svalbard and Jan Mayen,SJ,SJM,Europe,Northern Europe,Longyearbyen,61399.0,2530,,0,False,right,https://flagcdn.com/w320/sj.png,https://flagcdn.com/sj.svg,Norwegian,1,0,0,1,1,0,,,,,,,,,0
Sweden,SE,SWE,Europe,Northern Europe,Stockholm,450295.0,10605098,"FIN,NOR",2,False,right,https://flagcdn.com/w320/se.png,https://flagcdn.com/se.svg,Swedish,1,0,0,1,0,0,2024,57117.4877440616,2023,1.14675703743944,2023,29.1824459790599,1,22.0,0
Switzerland,CH,CHE,Europe,Western Europe,Bern,41284.0,9082848,"AUT,FRA,ITA,LIE,DEU",5,True,right,https://flagcdn.com/w320/ch.png,https://flagcdn.com/ch.svg,French|Italian|Romansh|Swiss German,1,1,0,0,0,0,2024,103998.186685604,2023,0.597481940544685,2023,33.0062130297657,1,6.0,1
Syria,SY,SYR,Asia,Western Asia,Damascus,185180.0,25620000,"IRQ,ISR,JOR,LBN,TUR",5,False,right,https://flagcdn.com/w320/sy.png,https://flagcdn.com/sy.svg,Arabic,1,0,0,1,0,0,2022,1051.67149587463,2010,2.05938679956635,2021,0.0,0,192.0,0
São Tomé and Príncipe,ST,STP,Africa,Middle Africa,São Tomé,964.0,209607,,0,False,right,https://flagcdn.com/w320/st.png,https://flagcdn.com/st.svg,Portuguese,1,0,0,1,1,0,2024,3490.56883486557,2011,3.23189666549062,2021,0.0,0,150.0,0
Taiwan,TW,TWN,Asia,Eastern Asia,Taipei,36197.0,23317031,,0,False,right,https://flagcdn.com/w320/tw.png,https://flagcdn.com/tw.svg,Chinese,1,0,0,1,1,0,,,,,,,,,0
Tajikistan,TJ,TJK,Asia,Central Asia,Dushanbe,143100.0,10499000,"AFG,CHN,KGZ,UZB",4,True,right,https://flagcdn.com/w320/tj.png,https://flagcdn.com/tj.svg,Russian|Tajik,1,1,0,0,0,0,2024,1341.20229027672,2020,0.892370798940089,2021,0.0,0,182.0,0
Tanzania,TZ,TZA,Africa,Eastern Africa,Dodoma,947303.0,68153004,"BDI,COD,KEN,MWI,MOZ,RWA,UGA,ZMB",8,False,left,https://flagcdn.com/w320/tz.png,https://flagcdn.com/tz.svg,English|Swahili,1,0,1,1,0,0,2024,1186.71691894531,2020,3.74921291744897,2021,0.0,0,185.0,0
Thailand,TH,THA,Asia,South-Eastern Asia,Bangkok,513120.0,65859640,"MMR,KHM,LAO,MYS",4,False,left,https://flagcdn.com/w320/th.png,https://flagcdn.com/th.svg,Thai,1,0,1,1,0,0,2024,7346.62022142185,2011,4.79225300638159,2021,0.0,0,115.0,0
Timor-Leste,TL,TLS,Asia,South-Eastern Asia,Dili,14874.0,1391221,IDN,1,False,left,https://flagcdn.com/w320/tl.png,https://flagcdn.com/tl.svg,Portuguese|Tetum,1,0,1,1,0,0,2024,1331.9705130185,2015,4.06594633033822,2021,0.0,0,183.0,0
Togo,TG,TGO,Africa,Western Africa,Lomé,56785.0,8095498,"BEN,BFA,GHA",3,False,right,https://flagcdn.com/w320/tg.png,https://flagcdn.com/tg.svg,French,1,0,0,1,0,0,2024,1119.38160509429,,,2021,0.0,0,187.0,0
Tokelau,TK,TKL,Oceania,Polynesia,Fakaofo,12.0,2608,,0,False,left,https://flagcdn.com/w320/tk.png,https://flagcdn.com/tk.svg,English|Samoan|Tokelauan,1,0,1,1,1,0,,,,,,,,,0
Tonga,TO,TON,Oceania,Polynesia,Nuku'alofa,747.0,100179,,0,False,left,https://flagcdn.com/w320/to.png,https://flagcdn.com/to.svg,English|Tongan,1,0,1,1,1,0,2023,5651.59373063157,2019,0.946346864516251,2021,0.0,0,130.0,0
Trinidad and Tobago,TT,TTO,Americas,Caribbean,Port of Spain,5130.0,1367764,,0,False,left,https://flagcdn.com/w320/tt.png,https://flagcdn.com/tt.svg,English,1,0,1,1,1,0,2024,18733.4110406494,2022,40.4432986623964,2021,0.0,0,75.0,0
Tunisia,TN,TUN,Africa,Northern Africa,Tunis,163610.0,11972169,"DZA,LBY",2,False,right,https://flagcdn.com/w320/tn.png,https://flagcdn.com/tn.svg,Arabic,1,0,0,1,0,0,2024,4181.13789301228,2020,4.69348024650292,2021,0.0,0,143.0,0
Turkey,TR,TUR,Asia,Western Asia,Ankara,783562.0,85664944,"ARM,AZE,BGR,GEO,GRC,IRN,IRQ,SYR",8,False,right,https://flagcdn.com/w320/tr.png,https://flagcdn.com/tr.svg,Turkish,1,0,0,1,0,0,2024,15892.7157287241,2023,3.22789482308636,2021,0.0,0,81.0,0
Turkmenistan,TM,TKM,Asia,Central Asia,Ashgabat,488100.0,7057841,"AFG,IRN,KAZ,UZB",4,True,right,https://flagcdn.com/w320/tm.png,https://flagcdn.com/tm.svg,Russian|Turkmen,1,1,0,0,0,0,2024,6856.65802730208,2015,1.01355101620555,2021,0.0,0,119.0,0
Turks and Caicos Islands,TC,TCA,Americas,Caribbean,Cockburn Town,948.0,50828,,0,False,left,https://flagcdn.com/w320/tc.png,https://flagcdn.com/tc.svg,English,1,0,1,1,1,0,2024,37506.7798431288,2022,76.3400403511642,2021,0.0,0,43.0,0
Tuvalu,TV,TUV,Oceania,Polynesia,Funafuti,26.0,10643,,0,False,left,https://flagcdn.com/w320/tv.png,https://flagcdn.com/tv.svg,English|Tuvaluan,1,0,1,1,1,0,2023,6344.7750188689,2012,18.2907311719786,2021,0.0,0,125.0,0
Uganda,UG,UGA,Africa,Eastern Africa,Kampala,241550.0,45905417,"COD,KEN,RWA,SSD,TZA",5,True,left,https://flagcdn.com/w320/ug.png,https://flagcdn.com/ug.svg,English|Swahili,1,1,1,0,0,0,2024,1077.91278452817,2023,8.97308867739149,2021,0.0,0,191.0,0
Ukraine,UA,UKR,Europe,Eastern Europe,Kyiv,603550.0,32862000,"BLR,HUN,MDA,POL,ROU,RUS,SVK",7,False,right,https://flagcdn.com/w320/ua.png,https://flagcdn.com/ua.svg,Ukrainian,1,0,0,1,0,0,2024,5389.47314453125,2021,3.77663964401616,2023,49.4154436924949,1,133.0,0
United Arab Emirates,AE,ARE,Asia,Western Asia,Abu Dhabi,83600.0,11294243,"OMN,SAU",2,False,right,https://flagcdn.com/w320/ae.png,https://flagcdn.com/ae.svg,Arabic,1,0,0,1,0,0,2024,50273.5060469837,2022,0.693218125037315,2022,13.2502991546469,1,30.0,0
United Kingdom,GB,GBR,Europe,Northern Europe,London,244376.0,69281437,IRL,1,False,left,https://flagcdn.com/w320/gb.png,https://flagcdn.com/gb.svg,English,9,0,1,1,0,1,2024,53246.3676145108,2021,1.11868407522333,2023,13.8367780989257,1,28.0,0
United States,US,USA,Americas,North America,"Washington, D.C.",9525067.0,340110988,"CAN,MEX",2,False,right,https://flagcdn.com/w320/us.png,https://flagcdn.com/us.svg,English,11,0,0,1,0,1,2024,84534.0407841548,2023,5.76340794073065,2023,18.1486338468905,1,12.0,1
United States Minor Outlying Islands,UM,UMI,Americas,North America,Washington DC,34.2,0,,0,False,right,https://flagcdn.com/w320/um.png,https://flagcdn.com/um.svg,English,3,0,0,1,1,1,,,,,,,,,0
United States Virgin Islands,VI,VIR,Americas,Caribbean,Charlotte Amalie,347.0,87146,,0,False,right,https://flagcdn.com/w320/vi.png,https://flagcdn.com/vi.svg,English,1,0,0,1,1,0,2022,44320.909185774,2012,49.8571401177396,2021,0.0,0,34.0,0
Uruguay,UY,URY,Americas,South America,Montevideo,181034.0,3499451,"ARG,BRA",2,False,right,https://flagcdn.com/w320/uy.png,https://flagcdn.com/uy.svg,Spanish,1,0,0,1,0,0,2024,23906.5133029408,2023,11.2453054170348,2021,0.0,0,64.0,0
Uzbekistan,UZ,UZB,Asia,Central Asia,Tashkent,447400.0,37859698,"AFG,KAZ,KGZ,TJK,TKM",5,True,right,https://flagcdn.com/w320/uz.png,https://flagcdn.com/uz.svg,Russian|Uzbek,1,1,0,0,0,0,2024,3161.70010632875,2021,1.39879762685076,2021,0.0,0,155.0,0
Vanuatu,VU,VUT,Oceania,Melanesia,Port Vila,12189.0,321409,,0,False,right,https://flagcdn.com/w320/vu.png,https://flagcdn.com/vu.svg,Bislama|English|French,1,0,0,1,1,0,2024,3410.77023167097,2020,0.3346065111081,2021,0.0,0,153.0,0
Vatican City,VA,VAT,Europe,Southern Europe,Vatican City,0.49,882,ITA,1,True,right,https://flagcdn.com/w320/va.png,https://flagcdn.com/va.svg,Italian|Latin,1,1,0,0,0,0,,,,,,,,,0
Venezuela,VE,VEN,Americas,South America,Caracas,916445.0,28517000,"BRA,COL,GUY",3,False,right,https://flagcdn.com/w320/ve.png,https://flagcdn.com/ve.svg,Spanish,1,0,0,1,0,0,2024,4217.59102643391,2022,12.6466448562847,2021,0.0,0,142.0,0
Vietnam,VN,VNM,Asia,South-Eastern Asia,Hanoi,331212.0,101343800,"KHM,CHN,LAO",3,False,right,https://flagcdn.com/w320/vn.png,https://flagcdn.com/vn.svg,Vietnamese,1,0,0,1,0,0,2024,4717.29028732449,2011,1.53501286347562,2021,0.0,0,137.0,0
Wallis and Futuna,WF,WLF,Oceania,Polynesia,Mata-Utu,142.0,11620,,0,False,right,https://flagcdn.com/w320/wf.png,https://flagcdn.com/wf.svg,French,1,0,0,1,1,0,,,,,,,,,0
Western Sahara,EH,ESH,Africa,Northern Africa,El Aaiún,266000.0,600904,"DZA,MRT,MAR",3,False,right,https://flagcdn.com/w320/eh.png,https://flagcdn.com/eh.svg,Berber|Hassaniya|Spanish,1,0,0,1,0,0,,,,,,,,,0
Yemen,YE,YEM,Asia,Western Asia,Sana'a,527968.0,32684503,"OMN,SAU",2,False,right,https://flagcdn.com/w320/ye.png,https://flagcdn.com/ye.svg,Arabic,1,0,0,1,0,0,2018,633.887202451545,2013,5.80971851623815,2021,0.0,0,206.0,0
Zambia,ZM,ZMB,Africa,Eastern Africa,Lusaka,752612.0,19693423,"AGO,BWA,COD,MWI,MOZ,NAM,TZA,ZWE",8,True,left,https://flagcdn.com/w320/zm.png,https://flagcdn.com/zm.svg,English,1,1,1,0,0,0,2024,1187.10943350064,2015,5.20150860823759,2021,0.0,0,184.0,0
Zimbabwe,ZW,ZWE,Africa,Southern Africa,Harare,390757.0,17073087,"BWA,MOZ,ZAF,ZMB",4,True,left,https://flagcdn.com/w320/zw.png,https://flagcdn.com/zw.svg,Chewa|Chibarwe|English|Kalanga|Khoisan|Ndau|Northern Ndebele|Shona|Sotho|Tonga|Tsonga|Tswana|Venda|Xhosa|Zimbabwean Sign Language,1,1,1,0,0,0,2024,2497.20332208763,2022,6.75833125350771,2021,0.0,0,164.0,0
Åland Islands,AX,ALA,Europe,Northern Europe,Mariehamn,1580.0,30654,,0,False,right,https://flagcdn.com/w320/ax.png,https://flagcdn.com/ax.svg,Swedish,1,0,0,1,1,0,,,,,,,,,0
